{
    "units": 150,
    "dropout_rate": 0.3126682592687254,
    "learning_rate": 0.0007859489024431617
}